id,title,facility_type,address,available_dates,last_updated,lights,hitting_wall,pickleball_lined,google_map_url,drive_time,ball_machine,canonical_addr
181,Green Lake Park West Tennis Court 01,Tennis Court - Outdoor (Citywide),"Green Lake Park 7201 E Green Lake DR N Seattle, WA, 98115","2025-07-23  00:00:00-17:30:00
2025-07-23  21:30:00-00:00:00",2025-07-22T23:59:29.946650-07:00,false,false,false,https://www.google.com/maps/search/?api=1&query=7201+E+Green+Lake+Dr+N%2C+Seattle%2C+WA+98115,13,true,greenlakepark7201egreenlakedrnseattlewa98115
183,Green Lake Park West Tennis Court 02,Tennis Court - Outdoor (Citywide),"Green Lake Park 7201 E Green Lake DR N Seattle, WA, 98115",2025-07-23  00:00:00-00:00:00,2025-07-22T23:59:28.156783-07:00,false,false,false,https://www.google.com/maps/search/?api=1&query=7201+E+Green+Lake+Dr+N%2C+Seattle%2C+WA+98115,13,true,greenlakepark7201egreenlakedrnseattlewa98115
279,AYTC Outdoor Tennis Court 01,Tennis Court - Outdoor (AYTC),"Amy Yee Tennis Center (AYTC) 2000 Martin Luther King Jr. WAY S Seattle, WA, 98144","2025-07-23  07:00:00-08:00:00
2025-07-23  09:30:00-10:30:00
2025-07-23  13:00:00-16:00:00
2025-07-23  17:00:00-17:45:00
2025-07-23  20:15:00-21:00:00",2025-07-23T00:00:43.055974-07:00,false,false,false,https://www.google.com/maps/search/?api=1&query=2000+Martin+Luther+King+Jr+Way+S%2C+Seattle%2C+WA+98144,17,false,amyyeetenniscenteraytc2000martinlutherkingjrwaysseattlewa98144
280,AYTC Outdoor Tennis Court 02,Tennis Court - Outdoor (AYTC),"Amy Yee Tennis Center (AYTC) 2000 Martin Luther King Jr. WAY S Seattle, WA, 98144","2025-07-23  07:00:00-08:00:00
2025-07-23  09:00:00-09:30:00
2025-07-23  12:15:00-15:00:00
2025-07-23  20:15:00-21:00:00",2025-07-23T00:00:41.271906-07:00,false,true,false,https://www.google.com/maps/search/?api=1&query=2000+Martin+Luther+King+Jr+Way+S%2C+Seattle%2C+WA+98144,17,false,amyyeetenniscenteraytc2000martinlutherkingjrwaysseattlewa98144
281,AYTC Outdoor Tennis Court 03,Tennis Court - Outdoor (AYTC),"Amy Yee Tennis Center (AYTC) 2000 Martin Luther King Jr. WAY S Seattle, WA, 98144","2025-07-23  07:00:00-08:30:00
2025-07-23  13:00:00-14:00:00
2025-07-23  15:15:00-15:30:00
2025-07-23  18:30:00-19:00:00
2025-07-23  20:00:00-21:00:00",2025-07-23T00:00:39.235306-07:00,false,false,false,https://www.google.com/maps/search/?api=1&query=2000+Martin+Luther+King+Jr+Way+S%2C+Seattle%2C+WA+98144,17,false,amyyeetenniscenteraytc2000martinlutherkingjrwaysseattlewa98144
282,AYTC Outdoor Tennis Court 04,Tennis Court - Outdoor (AYTC),"Amy Yee Tennis Center (AYTC) 2000 Martin Luther King Jr. WAY S Seattle, WA, 98144","2025-07-23  07:00:00-09:00:00
2025-07-23  10:15:00-11:00:00
2025-07-23  12:15:00-15:30:00
2025-07-23  17:00:00-17:15:00
2025-07-23  18:15:00-19:00:00",2025-07-23T00:00:37.958099-07:00,false,false,false,https://www.google.com/maps/search/?api=1&query=2000+Martin+Luther+King+Jr+Way+S%2C+Seattle%2C+WA+98144,17,false,amyyeetenniscenteraytc2000martinlutherkingjrwaysseattlewa98144
283,AYTC Outdoor Tennis Court 05,Tennis Court - Outdoor (AYTC),"Amy Yee Tennis Center (AYTC) 2000 Martin Luther King Jr. WAY S Seattle, WA, 98144","2025-07-23  07:00:00-08:30:00
2025-07-23  10:59:00-11:00:00
2025-07-23  12:45:00-13:00:00
2025-07-23  14:30:00-15:30:00",2025-07-23T00:00:36.647396-07:00,false,false,false,https://www.google.com/maps/search/?api=1&query=2000+Martin+Luther+King+Jr+Way+S%2C+Seattle%2C+WA+98144,17,false,amyyeetenniscenteraytc2000martinlutherkingjrwaysseattlewa98144
284,AYTC Outdoor Tennis Court 06,Tennis Court - Outdoor (AYTC),"Amy Yee Tennis Center (AYTC) 2000 Martin Luther King Jr. WAY S Seattle, WA, 98144","2025-07-23  07:00:00-10:00:00
2025-07-23  12:00:00-13:00:00
2025-07-23  14:30:00-15:30:00
2025-07-23  17:00:00-17:30:00
2025-07-23  20:30:00-21:00:00",2025-07-23T00:00:34.420645-07:00,false,false,false,https://www.google.com/maps/search/?api=1&query=2000+Martin+Luther+King+Jr+Way+S%2C+Seattle%2C+WA+98144,17,false,amyyeetenniscenteraytc2000martinlutherkingjrwaysseattlewa98144
353,Lower Woodland Playfield Tennis Court 01,Tennis Court - Outdoor (Citywide),"Lower Woodland Playfield 5773 WEST GREEN LAKE WAY N SEATTLE, WA, 98103",2025-07-23  07:00:00-22:00:00,2025-07-22T23:58:34.202697-07:00,true,false,false,https://www.google.com/maps/search/?api=1&query=5773+West+Green+Lake+Way+N%2C+Seattle%2C+WA+98103,9,true,lowerwoodlandplayfield5773westgreenlakewaynseattlewa98103
354,Lower Woodland Playfield Tennis Court 02,Tennis Court - Outdoor (Citywide),"Lower Woodland Playfield 5773 WEST GREEN LAKE WAY N SEATTLE, WA, 98103",2025-07-23  07:00:00-22:00:00,2025-07-22T23:58:32.032632-07:00,true,false,false,https://www.google.com/maps/search/?api=1&query=5773+West+Green+Lake+Way+N%2C+Seattle%2C+WA+98103,9,true,lowerwoodlandplayfield5773westgreenlakewaynseattlewa98103
355,Lower Woodland Playfield Tennis Court 03,Tennis Court - Outdoor (Citywide),"Lower Woodland Playfield 5773 WEST GREEN LAKE WAY N Seattle, WA, 98103","2025-07-23  07:00:00-08:30:00
2025-07-23  16:00:00-16:30:00
2025-07-23  21:30:00-22:00:00",2025-07-22T23:58:30.669803-07:00,true,false,false,https://www.google.com/maps/search/?api=1&query=5773+West+Green+Lake+Way+N%2C+Seattle%2C+WA+98103,9,true,lowerwoodlandplayfield5773westgreenlakewaynseattlewa98103
356,Lower Woodland Playfield Tennis Court 04,Tennis Court - Outdoor (Citywide),"Lower Woodland Playfield 5773 WEST GREEN LAKE WAY N Seattle, WA, 98103","2025-07-23  07:00:00-08:30:00
2025-07-23  21:30:00-22:00:00",2025-07-22T23:58:28.803256-07:00,true,false,false,https://www.google.com/maps/search/?api=1&query=5773+West+Green+Lake+Way+N%2C+Seattle%2C+WA+98103,9,true,lowerwoodlandplayfield5773westgreenlakewaynseattlewa98103
357,Lower Woodland Playfield Tennis Court 05,Tennis Court - Outdoor (Citywide),"Lower Woodland Playfield 5773 WEST GREEN LAKE WAY N Seattle, WA, 98103","2025-07-23  07:00:00-09:00:00
2025-07-23  12:00:00-14:00:00
2025-07-23  15:00:00-16:00:00",2025-07-22T23:58:26.976416-07:00,true,false,false,https://www.google.com/maps/search/?api=1&query=5773+West+Green+Lake+Way+N%2C+Seattle%2C+WA+98103,9,true,lowerwoodlandplayfield5773westgreenlakewaynseattlewa98103
358,Lower Woodland Playfield Tennis Court 06,Tennis Court - Outdoor (Citywide),"Lower Woodland Playfield 5773 WEST GREEN LAKE WAY N Seattle, WA, 98103","2025-07-23  07:00:00-09:00:00
2025-07-23  12:00:00-14:30:00
2025-07-23  17:00:00-17:30:00",2025-07-22T23:58:24.848667-07:00,true,false,false,https://www.google.com/maps/search/?api=1&query=5773+West+Green+Lake+Way+N%2C+Seattle%2C+WA+98103,9,true,lowerwoodlandplayfield5773westgreenlakewaynseattlewa98103
359,Lower Woodland Playfield Tennis Court 07,Tennis Court - Outdoor (Citywide),"Lower Woodland Playfield 5773 WEST GREEN LAKE WAY N Seattle, WA, 98103","2025-07-23  07:00:00-08:30:00
2025-07-23  11:30:00-13:00:00",2025-07-22T23:54:46.761326-07:00,true,false,false,https://www.google.com/maps/search/?api=1&query=5773+West+Green+Lake+Way+N%2C+Seattle%2C+WA+98103,9,true,lowerwoodlandplayfield5773westgreenlakewaynseattlewa98103
360,Lower Woodland Playfield Tennis Court 08,Tennis Court - Outdoor (Citywide),"Lower Woodland Playfield 5773 WEST GREEN LAKE WAY N Seattle, WA, 98103","2025-07-23  07:00:00-08:45:00
2025-07-23  11:30:00-13:00:00
2025-07-23  16:00:00-17:00:00",2025-07-22T23:54:45.119329-07:00,true,false,false,https://www.google.com/maps/search/?api=1&query=5773+West+Green+Lake+Way+N%2C+Seattle%2C+WA+98103,9,true,lowerwoodlandplayfield5773westgreenlakewaynseattlewa98103
361,Lower Woodland Playfield Tennis Court 09,Tennis Court - Outdoor (Citywide),"Lower Woodland Playfield 5773 WEST GREEN LAKE WAY N Seattle, WA, 98103",2025-07-23  07:00:00-22:00:00,2025-07-22T23:54:44.177161-07:00,true,false,false,https://www.google.com/maps/search/?api=1&query=5773+West+Green+Lake+Way+N%2C+Seattle%2C+WA+98103,9,true,lowerwoodlandplayfield5773westgreenlakewaynseattlewa98103
362,Lower Woodland Playfield Tennis Court 10,Tennis Court - Outdoor (Citywide),"Lower Woodland Playfield 5773 WEST GREEN LAKE WAY N Seattle, WA, 98103",2025-07-23  07:00:00-22:00:00,2025-07-22T23:54:42.610031-07:00,true,false,false,https://www.google.com/maps/search/?api=1&query=5773+West+Green+Lake+Way+N%2C+Seattle%2C+WA+98103,9,true,lowerwoodlandplayfield5773westgreenlakewaynseattlewa98103
363,Volunteer Park Court 03 - Lower,Tennis Court - Outdoor (Citywide),"Volunteer Park 1247 15th AVE E Seattle, WA, 98112","2025-07-23  06:00:00-09:00:00
2025-07-23  11:59:00-12:00:00
2025-07-23  15:00:00-16:30:00",2025-07-22T23:55:48.184608-07:00,true,false,false,https://www.google.com/maps/search/?api=1&query=1247+15th+Ave+E%2C+Seattle%2C+WA+98112,17,false,volunteerpark124715thaveeseattlewa98112
364,Volunteer Park Court 04 - Lower,Tennis Court - Outdoor (Citywide),"Volunteer Park 1247 15th AVE E Seattle, WA, 98112","2025-07-23  06:00:00-09:00:00
2025-07-23  11:59:00-12:00:00
2025-07-23  15:00:00-17:00:00
2025-07-23  20:00:00-20:30:00
2025-07-23  21:45:00-22:00:00",2025-07-22T23:55:46.010545-07:00,true,false,false,https://www.google.com/maps/search/?api=1&query=1247+15th+Ave+E%2C+Seattle%2C+WA+98112,17,false,volunteerpark124715thaveeseattlewa98112
365,Volunteer Park Court 01 - Upper,Tennis Court - Outdoor (Citywide),"Volunteer Park 1247 15th AVE E Seattle, WA, 98112","2025-07-23  06:00:00-07:15:00
2025-07-23  09:30:00-10:45:00
2025-07-23  12:15:00-14:00:00
2025-07-23  19:30:00-19:35:00
2025-07-23  20:35:00-22:00:00",2025-07-22T23:55:52.189550-07:00,false,false,false,https://www.google.com/maps/search/?api=1&query=1247+15th+Ave+E%2C+Seattle%2C+WA+98112,17,false,volunteerpark124715thaveeseattlewa98112
366,Volunteer Park Court 02 - Upper,Tennis Court - Outdoor (Citywide),"Volunteer Park 1247 15th AVE E Seattle, WA, 98112",2025-07-23  06:00:00-22:00:00,2025-07-22T23:55:50.335748-07:00,false,false,false,https://www.google.com/maps/search/?api=1&query=1247+15th+Ave+E%2C+Seattle%2C+WA+98112,17,false,volunteerpark124715thaveeseattlewa98112
369,Lower Woodland Playfield Upper Court 01,Tennis Court - Outdoor (Citywide),"Lower Woodland Playfield 1000 N 50TH ST SEATTLE, WA, 98103","2025-07-23  07:00:00-09:00:00
2025-07-23  11:30:00-17:00:00",2025-07-22T23:54:40.521115-07:00,false,false,false,https://www.google.com/maps/search/?api=1&query=1000+N+50th+St%2C+Seattle%2C+WA+98103,7,true,lowerwoodlandplayfield1000n50thstseattlewa98103
370,Lower Woodland Playfield Upper Court 02,Tennis Court - Outdoor (Citywide),"Lower Woodland Playfield 1000 N 50TH ST SEATTLE, WA, 98103","2025-07-23  07:00:00-10:00:00
2025-07-23  11:30:00-17:00:00
2025-07-23  18:00:00-18:30:00",2025-07-22T23:54:38.311195-07:00,false,false,false,https://www.google.com/maps/search/?api=1&query=1000+N+50th+St%2C+Seattle%2C+WA+98103,7,true,lowerwoodlandplayfield1000n50thstseattlewa98103
371,Lower Woodland Playfield Upper Court 03,Tennis Court - Outdoor (Citywide),"Lower Woodland Playfield 1000 N 50TH ST SEATTLE, WA, 98103","2025-07-23  07:00:00-09:00:00
2025-07-23  10:30:00-11:00:00
2025-07-23  13:00:00-16:30:00
2025-07-23  20:30:00-21:00:00",2025-07-22T23:54:36.516939-07:00,false,false,false,https://www.google.com/maps/search/?api=1&query=1000+N+50th+St%2C+Seattle%2C+WA+98103,7,true,lowerwoodlandplayfield1000n50thstseattlewa98103
372,Lower Woodland Playfield Upper Court 04,Tennis Court - Outdoor (Citywide),"Lower Woodland Playfield 1000 N 50TH ST SEATTLE, WA, 98103",2025-07-23  07:00:00-21:00:00,2025-07-22T23:54:34.369014-07:00,false,false,false,https://www.google.com/maps/search/?api=1&query=1000+N+50th+St%2C+Seattle%2C+WA+98103,7,true,lowerwoodlandplayfield1000n50thstseattlewa98103
373,Seward Park Tennis Court 01,Tennis Court - Outdoor (Citywide),"Seward Park 5898 Lake Washington BLVD S Seattle, WA, 98118",2025-07-23  06:00:00-22:00:00,2025-07-22T23:55:08.634840-07:00,false,false,false,https://www.google.com/maps/search/?api=1&query=5898+Lake+Washington+Blvd+S%2C+Seattle%2C+WA+98118,26,false,sewardpark5898lakewashingtonblvdsseattlewa98118
777,Jefferson Park Lid Tennis Court Upper 01,Tennis Court - Outdoor (Citywide),"Jefferson Park (previously Lid Playfield) 3901 Beacon AVE S Seattle, WA, 98108","2025-07-23  07:00:00-10:00:00
2025-07-23  11:00:00-17:00:00
2025-07-23  21:30:00-22:00:00",2025-07-22T23:59:03.242876-07:00,true,false,false,https://www.google.com/maps/search/?api=1&query=3901+Beacon+Ave+S%2C+Seattle%2C+WA+98108,16,false,jeffersonparkpreviouslylidplayfield3901beaconavesseattlewa98108
778,Jefferson Park Lid Tennis Court Upper 02,Tennis Court - Outdoor (Citywide),"Jefferson Park (previously Lid Playfield) 3901 Beacon AVE S Seattle, WA, 98108","2025-07-23  09:59:00-10:00:00
2025-07-23  12:59:00-13:00:00
2025-07-23  15:59:00-16:00:00
2025-07-23  21:00:00-22:00:00",2025-07-22T23:59:01.303612-07:00,true,false,false,https://www.google.com/maps/search/?api=1&query=3901+Beacon+Ave+S%2C+Seattle%2C+WA+98108,16,false,jeffersonparkpreviouslylidplayfield3901beaconavesseattlewa98108
1119,Observatory Tennis Court 01,Tennis Court - Outdoor (Citywide),"Observatory Courts 1405 Warren AVE N Seattle, WA, 98109",2025-07-23  08:30:00-23:00:00,2025-07-22T23:56:54.778867-07:00,false,false,true,https://www.google.com/maps/search/?api=1&query=1405+Warren+Ave+N%2C+Seattle%2C+WA+98109,5,true,observatorycourts1405warrenavenseattlewa98109
1120,Observatory Tennis Court 02,Tennis Court - Outdoor (Citywide),"Observatory Courts 1405 Warren AVE N Seattle, WA, 98109","2025-07-23  12:30:00-16:30:00
2025-07-23  18:30:00-19:00:00
2025-07-23  21:00:00-23:00:00",2025-07-22T23:56:52.666937-07:00,false,false,true,https://www.google.com/maps/search/?api=1&query=1405+Warren+Ave+N%2C+Seattle%2C+WA+98109,5,true,observatorycourts1405warrenavenseattlewa98109
1146,Alki Playfield Tennis Court 01,Tennis Court - Outdoor (Citywide),"Alki Playfield 5817 SW Lander ST Seattle, WA, 98136",,2025-07-23T00:00:48.354404-07:00,true,false,true,https://www.google.com/maps/search/?api=1&query=5817+SW+Lander+St%2C+Seattle%2C+WA+98136,18,false,alkiplayfield5817swlanderstseattlewa98136
1147,Alki Playfield Tennis Court 02,Tennis Court - Outdoor (Citywide),"Alki Playfield 5817 SW Lander ST Seattle, WA, 98136",,2025-07-23T00:00:44.193274-07:00,true,false,true,https://www.google.com/maps/search/?api=1&query=5817+SW+Lander+St%2C+Seattle%2C+WA+98136,18,false,alkiplayfield5817swlanderstseattlewa98136
1315,Bitter Lake Playfield Tennis Court 01,Tennis Court - Outdoor (Citywide),"Bitter Lake Playfield 13035 Linden AVE N Seattle, WA, 98133",,2025-07-23T00:00:12.325248-07:00,true,false,true,https://www.google.com/maps/search/?api=1&query=13035+Linden+Ave+N%2C+Seattle%2C+WA+98133,19,false,bitterlakeplayfield13035lindenavenseattlewa98133
1316,Bitter Lake Playfield Tennis Court 02,Tennis Court - Outdoor (Citywide),"Bitter Lake Playfield 13035 Linden AVE N Seattle, WA, 98133",,2025-07-23T00:00:10.492726-07:00,true,false,true,https://www.google.com/maps/search/?api=1&query=13035+Linden+Ave+N%2C+Seattle%2C+WA+98133,19,false,bitterlakeplayfield13035lindenavenseattlewa98133
1317,Bitter Lake Playfield Tennis Court 03,Tennis Court - Outdoor (Citywide),"Bitter Lake Playfield 13035 Linden AVE N Seattle, WA, 98133","2025-07-23  07:00:00-08:30:00
2025-07-23  10:30:00-17:00:00
2025-07-23  21:00:00-21:45:00",2025-07-22T23:54:14.260830-07:00,true,false,true,https://www.google.com/maps/search/?api=1&query=13035+Linden+Ave+N%2C+Seattle%2C+WA+98133,19,false,bitterlakeplayfield13035lindenavenseattlewa98133
1318,Bitter Lake Playfield Tennis Court 04,Tennis Court - Outdoor (Citywide),"Bitter Lake Playfield 13035 Linden AVE N Seattle, WA, 98133",2025-07-23  07:00:00-21:45:00,2025-07-22T23:54:12.017509-07:00,true,false,true,https://www.google.com/maps/search/?api=1&query=13035+Linden+Ave+N%2C+Seattle%2C+WA+98133,19,false,bitterlakeplayfield13035lindenavenseattlewa98133
1319,Beacon Hill Playfield Tennis Court 01,Tennis Court - Outdoor (Citywide),"Beacon Hill Playfield 1902 13th AVE S Seattle, WA, 98144",,2025-07-23T00:00:32.569256-07:00,false,false,true,https://www.google.com/maps/search/?api=1&query=1902+13th+Ave+S%2C+Seattle%2C+WA+98144,16,false,beaconhillplayfield190213thavesseattlewa98144
1320,Beacon Hill Playfield Tennis Court 02,Tennis Court - Outdoor (Citywide),"Beacon Hill Playfield 1902 13th AVE S Seattle, WA, 98144",,2025-07-23T00:00:30.611384-07:00,false,false,true,https://www.google.com/maps/search/?api=1&query=1902+13th+Ave+S%2C+Seattle%2C+WA+98144,16,false,beaconhillplayfield190213thavesseattlewa98144
1323,Brighton Playfield Tennis Court 01,Tennis Court - Outdoor (Citywide),"Brighton Playfield 6000 39th AVE S Seattle, WA, 98136","2025-07-23  06:00:00-16:30:00
2025-07-23  18:30:00-19:00:00
2025-07-23  20:00:00-23:00:00",2025-07-22T23:54:10.181554-07:00,false,false,true,https://www.google.com/maps/search/?api=1&query=6000+39th+Ave+S%2C+Seattle%2C+WA+98136,23,false,brightonplayfield600039thavesseattlewa98136
1324,Brighton Playfield Tennis Court 02,Tennis Court - Outdoor (Citywide),"Brighton Playfield 6000 39th AVE S Seattle, WA, 98136","2025-07-23  06:00:00-16:30:00
2025-07-23  18:30:00-23:00:00",2025-07-22T23:54:08.333113-07:00,false,false,true,https://www.google.com/maps/search/?api=1&query=6000+39th+Ave+S%2C+Seattle%2C+WA+98136,23,false,brightonplayfield600039thavesseattlewa98136
1325,Bryant Playground Tennis Court 01,Tennis Court - Outdoor (Citywide),"Bryant Playground 4103 NE 65th ST Seattle, WA, 98115","2025-07-23  07:00:00-08:00:00
2025-07-23  09:00:00-10:30:00
2025-07-23  12:00:00-13:00:00
2025-07-23  14:00:00-16:30:00
2025-07-23  18:00:00-21:00:00",2025-07-22T23:54:06.097055-07:00,false,false,false,https://www.google.com/maps/search/?api=1&query=4103+NE+65th+St%2C+Seattle%2C+WA+98115,19,false,bryantplayground4103ne65thstseattlewa98115
1326,Bryant Playground Tennis Court 02,Tennis Court - Outdoor (Citywide),"Bryant Playground 4103 NE 65th ST Seattle, WA, 98115",2025-07-23  07:00:00-21:00:00,2025-07-22T23:54:03.849705-07:00,false,false,false,https://www.google.com/maps/search/?api=1&query=4103+NE+65th+St%2C+Seattle%2C+WA+98115,19,false,bryantplayground4103ne65thstseattlewa98115
1330,David Rodgers Park Tennis Court 01,Tennis Court - Outdoor (Citywide),"David Rodgers Park 2800 1st AVE W Seattle, WA, 98119","2025-07-23  04:00:00-14:30:00
2025-07-23  16:00:00-17:45:00
2025-07-23  20:15:00-23:30:00",2025-07-22T23:54:02.613570-07:00,false,false,false,https://www.google.com/maps/search/?api=1&query=2800+1st+Ave+W%2C+Seattle%2C+WA+98119,3,true,davidrodgerspark28001stavewseattlewa98119
1331,David Rodgers Park Tennis Court 02,Tennis Court - Outdoor (Citywide),"David Rodgers Park 2800 1st AVE W Seattle, WA, 98119","2025-07-23  04:00:00-14:30:00
2025-07-23  16:00:00-17:45:00
2025-07-23  20:15:00-23:30:00",2025-07-22T23:54:01.123855-07:00,false,false,false,https://www.google.com/maps/search/?api=1&query=2800+1st+Ave+W%2C+Seattle%2C+WA+98119,3,true,davidrodgerspark28001stavewseattlewa98119
1332,David Rodgers Park Tennis Court 03,Tennis Court - Outdoor (Citywide),"David Rodgers Park 2800 1st AVE W Seattle, WA, 98119",,2025-07-23T00:00:08.701337-07:00,false,true,false,https://www.google.com/maps/search/?api=1&query=2800+1st+Ave+W%2C+Seattle%2C+WA+98119,3,true,davidrodgerspark28001stavewseattlewa98119
1333,Dearborn Park Tennis Court 01,Tennis Court - Outdoor (Citywide),"Dearborn Park 2919 S Brandon ST Seattle, WA, 98126",,2025-07-23T00:00:06.740770-07:00,false,false,true,https://www.google.com/maps/search/?api=1&query=2919+S+Brandon+St%2C+Seattle%2C+WA+98126,20,false,dearbornpark2919sbrandonstseattlewa98126
1334,Dearborn Park Tennis Court 02,Tennis Court - Outdoor (Citywide),"Dearborn Park 2919 S Brandon ST Seattle, WA, 98126",,2025-07-23T00:00:05.655274-07:00,false,false,true,https://www.google.com/maps/search/?api=1&query=2919+S+Brandon+St%2C+Seattle%2C+WA+98126,20,false,dearbornpark2919sbrandonstseattlewa98126
1335,Delridge Playfield Tennis Court 01,Tennis Court - Outdoor (Citywide),"Delridge Playfield 4458 Delridge WAY SW Seattle, WA, 98106",,2025-07-23T00:00:03.888692-07:00,false,false,true,https://www.google.com/maps/search/?api=1&query=4458+Delridge+Way+SW%2C+Seattle%2C+WA+98106,13,true,delridgeplayfield4458delridgewayswseattlewa98106
1336,Delridge Playfield Tennis Court 02,Tennis Court - Outdoor (Citywide),"Delridge Playfield 4458 Delridge WAY SW Seattle, WA, 98106",,2025-07-23T00:00:02.374677-07:00,false,false,true,https://www.google.com/maps/search/?api=1&query=4458+Delridge+Way+SW%2C+Seattle%2C+WA+98106,13,true,delridgeplayfield4458delridgewayswseattlewa98106
1337,Discovery Park Tennis Court 01,Tennis Court - Outdoor (Citywide),"Discovery Park 3801 Discovery Park BLVD Seattle, WA, 98199",,2025-07-23T00:00:00.604455-07:00,false,false,true,https://www.google.com/maps/search/?api=1&query=3801+Discovery+Park+Blvd%2C+Seattle%2C+WA+98199,15,false,discoverypark3801discoveryparkblvdseattlewa98199
1338,Discovery Park Tennis Court 02,Tennis Court - Outdoor (Citywide),"Discovery Park 3801 Discovery Park BLVD Seattle, WA, 98199",2025-07-23  04:00:00-23:30:00,2025-07-22T23:59:58.958789-07:00,false,false,true,https://www.google.com/maps/search/?api=1&query=3801+Discovery+Park+Blvd%2C+Seattle%2C+WA+98199,15,false,discoverypark3801discoveryparkblvdseattlewa98199
1339,Froula Playground Tennis Court 01,Tennis Court - Outdoor (Citywide),"Froula Playground 7200 12th AVE NE Seattle, WA, 98115","2025-07-23  08:00:00-08:30:00
2025-07-23  12:30:00-18:00:00
2025-07-23  19:45:00-21:00:00",2025-07-22T23:59:41.114361-07:00,false,false,false,https://www.google.com/maps/search/?api=1&query=7200+12th+Ave+NE%2C+Seattle%2C+WA+98115,15,false,froulaplayground720012thaveneseattlewa98115
1340,Froula Playground Tennis Court 02,Tennis Court - Outdoor (Citywide),"Froula Playground 7200 12th AVE NE Seattle, WA, 98115",2025-07-23  07:00:00-21:00:00,2025-07-22T23:59:39.308719-07:00,false,false,false,https://www.google.com/maps/search/?api=1&query=7200+12th+Ave+NE%2C+Seattle%2C+WA+98115,15,false,froulaplayground720012thaveneseattlewa98115
1341,Garfield Playfield Tennis Court 01,Tennis Court - Outdoor (Citywide),"Garfield Playfield 2323 E Cherry ST Seattle, WA, 98122",2025-07-23  06:00:00-23:00:00,2025-07-22T23:59:37.203247-07:00,true,false,false,https://www.google.com/maps/search/?api=1&query=2323+E+Cherry+St%2C+Seattle%2C+WA+98122,20,false,garfieldplayfield2323echerrystseattlewa98122
1342,Garfield Playfield Tennis Court 02,Tennis Court - Outdoor (Citywide),"Garfield Playfield 2323 E Cherry ST Seattle, WA, 98122","2025-07-23  06:00:00-18:30:00
2025-07-23  20:30:00-23:00:00",2025-07-22T23:59:35.125890-07:00,true,false,false,https://www.google.com/maps/search/?api=1&query=2323+E+Cherry+St%2C+Seattle%2C+WA+98122,20,false,garfieldplayfield2323echerrystseattlewa98122
1344,Gilman Playfield Tennis Court 01,Tennis Court - Outdoor (Citywide),"Gilman Playfield 923 NW 54th ST Seattle, WA, 98107","2025-07-23  08:30:00-09:30:00
2025-07-23  18:45:00-19:00:00
2025-07-23  21:00:00-23:00:00",2025-07-22T23:59:32.944504-07:00,false,false,true,https://www.google.com/maps/search/?api=1&query=923+NW+54th+St%2C+Seattle%2C+WA+98107,10,true,gilmanplayfield923nw54thstseattlewa98107
1345,Gilman Playfield Tennis Court 02,Tennis Court - Outdoor (Citywide),"Gilman Playfield 923 NW 54th ST Seattle, WA, 98107",2025-07-23  08:30:00-23:00:00,2025-07-22T23:59:31.671874-07:00,false,false,true,https://www.google.com/maps/search/?api=1&query=923+NW+54th+St%2C+Seattle%2C+WA+98107,10,true,gilmanplayfield923nw54thstseattlewa98107
1346,Hiawatha Playfield Tennis Court 01,Tennis Court - Outdoor (Citywide),"Hiawatha Playfield 2700 SW California AVE SW Seattle, WA, 98116","2025-07-23  08:30:00-15:00:00
2025-07-23  17:00:00-18:00:00
2025-07-23  19:00:00-23:00:00",2025-07-22T23:59:26.903787-07:00,true,false,false,https://www.google.com/maps/search/?api=1&query=2700+California+Ave+SW%2C+Seattle%2C+WA+98116,15,false,hiawathaplayfield2700swcaliforniaaveswseattlewa98116
1347,Hiawatha Playfield Tennis Court 02,Tennis Court - Outdoor (Citywide),"Hiawatha Playfield 2700 SW California AVE SW Seattle, WA, 98116","2025-07-23  08:30:00-15:00:00
2025-07-23  17:00:00-23:00:00",2025-07-22T23:59:08.829686-07:00,true,false,false,https://www.google.com/maps/search/?api=1&query=2700+California+Ave+SW%2C+Seattle%2C+WA+98116,15,false,hiawathaplayfield2700swcaliforniaaveswseattlewa98116
1348,Hiawatha Playfield Tennis Court 03,Tennis Court - Outdoor (Citywide),"Hiawatha Playfield 2700 SW California AVE SW Seattle, WA, 98116","2025-07-23  08:30:00-15:00:00
2025-07-23  17:00:00-23:00:00",2025-07-22T23:59:07.615271-07:00,true,false,false,https://www.google.com/maps/search/?api=1&query=2700+California+Ave+SW%2C+Seattle%2C+WA+98116,15,false,hiawathaplayfield2700swcaliforniaaveswseattlewa98116
1353,Laurelhurst Playfield Tennis Court 01,Tennis Court - Outdoor (Citywide),"Laurelhurst Playfield 4544 NE 41st ST Seattle, WA, 98105","2025-07-23  07:00:00-17:00:00
2025-07-23  18:30:00-19:00:00
2025-07-23  21:30:00-22:00:00",2025-07-22T23:58:59.152432-07:00,true,false,false,https://www.google.com/maps/search/?api=1&query=4544+NE+41st+St%2C+Seattle%2C+WA+98105,21,false,laurelhurstplayfield4544ne41ststseattlewa98105
1354,Laurelhurst Playfield Tennis Court 02,Tennis Court - Outdoor (Citywide),"Laurelhurst Playfield 4544 NE 41st ST Seattle, WA, 98105","2025-07-23  07:00:00-17:30:00
2025-07-23  21:00:00-22:00:00",2025-07-22T23:58:57.235584-07:00,true,false,false,https://www.google.com/maps/search/?api=1&query=4544+NE+41st+St%2C+Seattle%2C+WA+98105,21,false,laurelhurstplayfield4544ne41ststseattlewa98105
1355,Laurelhurst Playfield Tennis Court 03,Tennis Court - Outdoor (Citywide),"Laurelhurst Playfield 4544 NE 41st ST Seattle, WA, 98105","2025-07-23  07:00:00-09:00:00
2025-07-23  11:29:00-11:30:00
2025-07-23  14:00:00-17:30:00
2025-07-23  20:30:00-22:00:00",2025-07-22T23:58:54.976284-07:00,true,true,false,https://www.google.com/maps/search/?api=1&query=4544+NE+41st+St%2C+Seattle%2C+WA+98105,21,false,laurelhurstplayfield4544ne41ststseattlewa98105
1356,Laurelhurst Playfield Tennis Court 04,Tennis Court - Outdoor (Citywide),"Laurelhurst Playfield 4544 NE 41st ST Seattle, WA, 98105",2025-07-23  07:00:00-22:00:00,2025-07-22T23:58:36.157981-07:00,true,false,false,https://www.google.com/maps/search/?api=1&query=4544+NE+41st+St%2C+Seattle%2C+WA+98105,21,false,laurelhurstplayfield4544ne41ststseattlewa98105
1359,Madison Park Tennis Court 01,Tennis Court - Outdoor (Citywide),"Madison Park E Madison St & E Howe ST Seattle, WA, 98112","2025-07-23  04:00:00-09:00:00
2025-07-23  12:30:00-17:00:00
2025-07-23  21:00:00-23:30:00",2025-07-22T23:58:22.873339-07:00,true,false,false,https://www.google.com/maps/search/?api=1&query=1800+42nd+Ave+E%2C+Seattle%2C+WA+98112,22,false,madisonparkemadisonstehowestseattlewa98112
1360,Madison Park Tennis Court 02,Tennis Court - Outdoor (Citywide),"Madison Park E Madison St & E Howe ST Seattle, WA, 98112",2025-07-23  04:00:00-23:30:00,2025-07-22T23:58:20.723742-07:00,true,false,false,https://www.google.com/maps/search/?api=1&query=1800+42nd+Ave+E%2C+Seattle%2C+WA+98112,22,false,madisonparkemadisonstehowestseattlewa98112
1361,Magnolia Park Tennis Court 01,Tennis Court - Outdoor (Citywide),"Magnolia Park 1461 Magnolia BLVD W Seattle, WA, 98199",2025-07-23  04:00:00-23:30:00,2025-07-22T23:57:58.781923-07:00,false,false,false,https://www.google.com/maps/search/?api=1&query=461+Magnolia+Blvd+W%2C+Seattle%2C+WA+98199,10,true,magnoliapark1461magnoliablvdwseattlewa98199
1362,Magnolia Park Tennis Court 02,Tennis Court - Outdoor (Citywide),"Magnolia Park 1461 Magnolia BLVD W Seattle, WA, 98199","2025-07-23  04:00:00-16:30:00
2025-07-23  20:30:00-23:30:00",2025-07-22T23:57:56.846635-07:00,false,false,false,https://www.google.com/maps/search/?api=1&query=461+Magnolia+Blvd+W%2C+Seattle%2C+WA+98199,10,true,magnoliapark1461magnoliablvdwseattlewa98199
1363,Magnolia Playfield Tennis Court 01,Tennis Court - Outdoor (Citywide),"Magnolia Playfield 2518 W 34th W Seattle, WA, 98199","2025-07-23  08:30:00-10:00:00
2025-07-23  13:00:00-16:30:00
2025-07-23  20:00:00-23:00:00",2025-07-22T23:57:54.762220-07:00,false,false,true,https://www.google.com/maps/search/?api=1&query=2518+W+34th+St%2C+Seattle%2C+WA+98199,11,true,magnoliaplayfield2518w34thwseattlewa98199
1364,Magnolia Playfield Tennis Court 02,Tennis Court - Outdoor (Citywide),"Magnolia Playfield 2518 W 34th W Seattle, WA, 98199",2025-07-23  08:30:00-23:00:00,2025-07-22T23:57:52.529983-07:00,false,false,true,https://www.google.com/maps/search/?api=1&query=2518+W+34th+St%2C+Seattle%2C+WA+98199,11,true,magnoliaplayfield2518w34thwseattlewa98199
1365,Magnolia Playfield Tennis Court 03,Tennis Court - Outdoor (Citywide),"Magnolia Playfield 2518 W 34th W Seattle, WA, 98199","2025-07-23  08:30:00-09:00:00
2025-07-23  12:00:00-18:00:00
2025-07-23  21:00:00-23:00:00",2025-07-22T23:57:50.545267-07:00,false,false,true,https://www.google.com/maps/search/?api=1&query=2518+W+34th+St%2C+Seattle%2C+WA+98199,11,true,magnoliaplayfield2518w34thwseattlewa98199
1366,Magnolia Playfield Tennis Court 04,Tennis Court - Outdoor (Citywide),"Magnolia Playfield 2518 W 34th W Seattle, WA, 98199","2025-07-23  08:30:00-09:00:00
2025-07-23  12:00:00-17:00:00
2025-07-23  18:30:00-19:30:00
2025-07-23  20:30:00-23:00:00",2025-07-22T23:57:48.934230-07:00,false,false,true,https://www.google.com/maps/search/?api=1&query=2518+W+34th+St%2C+Seattle%2C+WA+98199,11,true,magnoliaplayfield2518w34thwseattlewa98199
1367,Meadowbrook Playfield Tennis Court 01,Tennis Court - Outdoor (Citywide),"Meadowbrook Playfield 10533 35th AVE NE Seattle, WA, 98125","2025-07-23  07:00:00-09:15:00
2025-07-23  12:15:00-17:30:00
2025-07-23  21:30:00-22:00:00",2025-07-22T23:57:47.005610-07:00,true,false,false,https://www.google.com/maps/search/?api=1&query=10533+35th+Ave+NE%2C+Seattle%2C+WA+98125,20,false,meadowbrookplayfield1053335thaveneseattlewa98125
1368,Meadowbrook Playfield Tennis Court 02,Tennis Court - Outdoor (Citywide),"Meadowbrook Playfield 10559 RAVENNA AVE NE SEATTLE, WA, 98125","2025-07-23  07:00:00-10:45:00
2025-07-23  12:15:00-17:45:00
2025-07-23  20:15:00-22:00:00",2025-07-22T23:57:29.152471-07:00,true,false,false,https://www.google.com/maps/search/?api=1&query=10533+35th+Ave+NE%2C+Seattle%2C+WA+98125,20,false,meadowbrookplayfield10559ravennaaveneseattlewa98125
1369,Meadowbrook Playfield Tennis Court 03,Tennis Court - Outdoor (Citywide),"Meadowbrook Playfield 10559 RAVENNA AVE NE SEATTLE, WA, 98125","2025-07-23  07:00:00-09:30:00
2025-07-23  11:00:00-17:45:00
2025-07-23  20:15:00-22:00:00",2025-07-22T23:57:26.935405-07:00,true,false,false,https://www.google.com/maps/search/?api=1&query=10533+35th+Ave+NE%2C+Seattle%2C+WA+98125,20,false,meadowbrookplayfield10559ravennaaveneseattlewa98125
1370,Meadowbrook Playfield Tennis Court 04,Tennis Court - Outdoor (Citywide),"Meadowbrook Playfield 10559 RAVENNA AVE NE SEATTLE, WA, 98125",2025-07-23  07:00:00-22:00:00,2025-07-22T23:57:25.314401-07:00,true,false,false,https://www.google.com/maps/search/?api=1&query=10533+35th+Ave+NE%2C+Seattle%2C+WA+98125,20,false,meadowbrookplayfield10559ravennaaveneseattlewa98125
1371,Meadowbrook Playfield Tennis Court 05,Tennis Court - Outdoor (Citywide),"Meadowbrook Playfield 10559 RAVENNA AVE NE SEATTLE, WA, 98125",2025-07-23  07:00:00-22:00:00,2025-07-22T23:57:23.602838-07:00,true,false,false,https://www.google.com/maps/search/?api=1&query=10533+35th+Ave+NE%2C+Seattle%2C+WA+98125,20,false,meadowbrookplayfield10559ravennaaveneseattlewa98125
1372,Meadowbrook Playfield Tennis Court 06,Tennis Court - Outdoor (Citywide),"Meadowbrook Playfield 10559 RAVENNA AVE NE SEATTLE, WA, 98125",2025-07-23  07:00:00-22:00:00,2025-07-22T23:57:22.324951-07:00,true,false,false,https://www.google.com/maps/search/?api=1&query=10533+35th+Ave+NE%2C+Seattle%2C+WA+98125,20,false,meadowbrookplayfield10559ravennaaveneseattlewa98125
1373,Miller Playfield Tennis Court 01,Tennis Court - Outdoor (Citywide),"Miller Playfield 300 19th AVE E Seattle, WA, 98112","2025-07-23  07:00:00-10:00:00
2025-07-23  12:00:00-22:00:00",2025-07-22T23:57:21.267877-07:00,true,false,true,https://www.google.com/maps/search/?api=1&query=300+19th+Ave+E%2C+Seattle%2C+WA+98112,18,false,millerplayfield30019thaveeseattlewa98112
1374,Miller Playfield Tennis Court 02,Tennis Court - Outdoor (Citywide),"Miller Playfield 300 19th AVE E Seattle, WA, 98112","2025-07-23  07:00:00-10:00:00
2025-07-23  12:00:00-16:30:00
2025-07-23  17:30:00-17:45:00",2025-07-22T23:57:19.365888-07:00,true,false,true,https://www.google.com/maps/search/?api=1&query=300+19th+Ave+E%2C+Seattle%2C+WA+98112,18,false,millerplayfield30019thaveeseattlewa98112
1375,Montlake Playfield Tennis Court 01,Tennis Court - Outdoor (Citywide),"Montlake Playfield 1618 E Calhoun ST Seattle, WA, 98112","2025-07-23  04:00:00-09:00:00
2025-07-23  12:00:00-23:30:00",2025-07-22T23:57:17.759761-07:00,false,false,false,https://www.google.com/maps/search/?api=1&query=1618+E+Calhoun+St%2C+Seattle%2C+WA+98112,15,false,montlakeplayfield1618ecalhounstseattlewa98112
1376,Montlake Playfield Tennis Court 02,Tennis Court - Outdoor (Citywide),"Montlake Playfield 1618 E Calhoun ST Seattle, WA, 98112","2025-07-23  04:00:00-09:00:00
2025-07-23  12:00:00-17:00:00
2025-07-23  21:00:00-23:30:00",2025-07-22T23:57:15.874702-07:00,false,false,false,https://www.google.com/maps/search/?api=1&query=1618+E+Calhoun+St%2C+Seattle%2C+WA+98112,15,false,montlakeplayfield1618ecalhounstseattlewa98112
1377,Mount Baker Park Tennis Court 01,Tennis Court - Outdoor (Citywide),"Mount Baker Park 2521 Lake Park DR S Seattle, WA, 98144",2025-07-23  06:00:00-22:00:00,2025-07-22T23:56:57.809210-07:00,true,false,true,https://www.google.com/maps/search/?api=1&query=2521+Lake+Park+Dr+S%2C+Seattle%2C+WA+98144,20,false,mountbakerpark2521lakeparkdrsseattlewa98144
1378,Mount Baker Park Tennis Court 02,Tennis Court - Outdoor (Citywide),"Mount Baker Park 2521 Lake Park DR S Seattle, WA, 98144","2025-07-23  06:00:00-07:00:00
2025-07-23  09:00:00-18:00:00
2025-07-23  20:00:00-22:00:00",2025-07-22T23:56:56.665131-07:00,true,false,true,https://www.google.com/maps/search/?api=1&query=2521+Lake+Park+Dr+S%2C+Seattle%2C+WA+98144,20,false,mountbakerpark2521lakeparkdrsseattlewa98144
1379,Rainier Beach Playfield Tennis Court 01,Tennis Court - Outdoor (Citywide),"Rainier Beach Playfield 8802 Rainier AVE S Seattle, WA, 98118","2025-07-23  08:30:00-18:00:00
2025-07-23  21:00:00-23:00:00",2025-07-22T23:56:51.850171-07:00,true,false,true,https://www.google.com/maps/search/?api=1&query=8802+Rainier+Ave+S%2C+Seattle%2C+WA+98118,24,false,rainierbeachplayfield8802rainieravesseattlewa98118
1380,Rainier Beach Playfield Tennis Court 02,Tennis Court - Outdoor (Citywide),"Rainier Beach Playfield 8802 Rainier AVE S Seattle, WA, 98118","2025-07-23  08:30:00-18:00:00
2025-07-23  21:00:00-23:00:00",2025-07-22T23:56:50.059441-07:00,true,false,true,https://www.google.com/maps/search/?api=1&query=8802+Rainier+Ave+S%2C+Seattle%2C+WA+98118,24,false,rainierbeachplayfield8802rainieravesseattlewa98118
1381,Rainier Beach Playfield Tennis Court 03,Tennis Court - Outdoor (Citywide),"Rainier Beach Playfield 8802 Rainier AVE S Seattle, WA, 98118","2025-07-23  08:30:00-18:00:00
2025-07-23  21:00:00-23:00:00",2025-07-22T23:56:47.822533-07:00,true,false,true,https://www.google.com/maps/search/?api=1&query=8802+Rainier+Ave+S%2C+Seattle%2C+WA+98118,24,false,rainierbeachplayfield8802rainieravesseattlewa98118
1382,Rainier Beach Playfield Tennis Court 04,Tennis Court - Outdoor (Citywide),"Rainier Beach Playfield 8802 Rainier AVE S Seattle, WA, 98118",2025-07-23  08:30:00-23:00:00,2025-07-22T23:56:46.582548-07:00,true,false,true,https://www.google.com/maps/search/?api=1&query=8802+Rainier+Ave+S%2C+Seattle%2C+WA+98118,24,false,rainierbeachplayfield8802rainieravesseattlewa98118
1383,Rainier Playfield Tennis Court 01,Tennis Court - Outdoor (Citywide),"Rainier Playfield 3700 S Alaska ST Seattle, WA, 98118","2025-07-23  07:00:00-19:30:00
2025-07-23  20:30:00-22:00:00",2025-07-22T23:56:45.077740-07:00,true,false,false,https://www.google.com/maps/search/?api=1&query=3700+S+Alaska+St%2C+Seattle%2C+WA+98118,21,false,rainierplayfield3700salaskastseattlewa98118
1384,Rainier Playfield Tennis Court 02,Tennis Court - Outdoor (Citywide),"Rainier Playfield 3700 S Alaska ST Seattle, WA, 98118",2025-07-23  07:00:00-22:00:00,2025-07-22T23:56:27.804194-07:00,true,false,false,https://www.google.com/maps/search/?api=1&query=3700+S+Alaska+St%2C+Seattle%2C+WA+98118,21,false,rainierplayfield3700salaskastseattlewa98118
1385,Rainier Playfield Tennis Court 03,Tennis Court - Outdoor (Citywide),"Rainier Playfield 3700 S Alaska ST Seattle, WA, 98118",2025-07-23  07:00:00-22:00:00,2025-07-22T23:56:25.947341-07:00,true,false,false,https://www.google.com/maps/search/?api=1&query=3700+S+Alaska+St%2C+Seattle%2C+WA+98118,21,false,rainierplayfield3700salaskastseattlewa98118
1386,Rainier Playfield Tennis Court 04,Tennis Court - Outdoor (Citywide),"Rainier Playfield 3700 S Alaska ST Seattle, WA, 98118",2025-07-23  07:00:00-22:00:00,2025-07-22T23:56:23.932277-07:00,true,false,false,https://www.google.com/maps/search/?api=1&query=3700+S+Alaska+St%2C+Seattle%2C+WA+98118,21,false,rainierplayfield3700salaskastseattlewa98118
1387,Riverview Playfield Tennis Court 01,Tennis Court - Outdoor (Citywide),"Riverview Playfield 7226 12th AVE SW Seattle, WA, 98106",,2025-07-22T23:55:20.892350-07:00,false,false,false,https://www.google.com/maps/search/?api=1&query=7226+12th+Ave+SW%2C+Seattle%2C+WA+98106,19,false,riverviewplayfield722612thaveswseattlewa98106
1388,Riverview Playfield Tennis Court 02,Tennis Court - Outdoor (Citywide),"Riverview Playfield 7226 12th AVE SW Seattle, WA, 98106",,2025-07-22T23:55:18.912464-07:00,false,false,false,https://www.google.com/maps/search/?api=1&query=7226+12th+Ave+SW%2C+Seattle%2C+WA+98106,19,false,riverviewplayfield722612thaveswseattlewa98106
1389,Rogers Playfield Tennis Court 01,Tennis Court - Outdoor (Citywide),"Rogers (Eastlake) Playfield Eastlake AVE E & E Roanoke ST Seattle, WA, 98112","2025-07-23  08:30:00-09:30:00
2025-07-23  11:00:00-17:00:00
2025-07-23  21:00:00-23:00:00",2025-07-22T23:55:16.833147-07:00,false,false,false,https://www.google.com/maps/search/?api=1&query=2568+Eastlake+Ave+E%2C+Seattle%2C+WA+98102,14,true,rogerseastlakeplayfieldeastlakeaveeeroanokestseattlewa98112
1390,Rogers Playfield Tennis Court 02,Tennis Court - Outdoor (Citywide),"Rogers (Eastlake) Playfield Eastlake AVE E & E Roanoke ST Seattle, WA, 98112",2025-07-23  08:30:00-23:00:00,2025-07-22T23:55:14.855669-07:00,false,false,false,https://www.google.com/maps/search/?api=1&query=2568+Eastlake+Ave+E%2C+Seattle%2C+WA+98102,14,true,rogerseastlakeplayfieldeastlakeaveeeroanokestseattlewa98112
1391,Sam Smith (I90 Lid) Park Tennis Court 01,Tennis Court - Outdoor (Citywide),"Sam Smith Park (I-90 Lid) 1400 Martin Luther King Jr WAY S Seattle, WA, 98144","2025-07-23  04:00:00-12:00:00
2025-07-23  13:00:00-16:00:00
2025-07-23  19:00:00-23:30:00",2025-07-22T23:55:12.673496-07:00,false,false,false,https://www.google.com/maps/search/?api=1&query=1400+Martin+Luther+King+Jr+Way+S%2C+Seattle%2C+WA+98144,17,false,samsmithparki90lid1400martinlutherkingjrwaysseattlewa98144
1392,Sam Smith (I90 Lid) Park Tennis Court 02,Tennis Court - Outdoor (Citywide),"Sam Smith Park (I-90 Lid) 1400 Martin Luther King Jr WAY S Seattle, WA, 98144",2025-07-23  04:00:00-23:30:00,2025-07-22T23:55:10.671930-07:00,false,false,false,https://www.google.com/maps/search/?api=1&query=1400+Martin+Luther+King+Jr+Way+S%2C+Seattle%2C+WA+98144,17,false,samsmithparki90lid1400martinlutherkingjrwaysseattlewa98144
1393,Solstice Park Tennis Court 01,Tennis Court - Outdoor (Citywide),"Solstice Park 7400 Fauntleroy WAY SW Seattle, WA, 98136","2025-07-23  07:00:00-09:00:00
2025-07-23  12:00:00-13:00:00
2025-07-23  16:00:00-22:00:00",2025-07-22T23:56:22.316273-07:00,true,false,false,https://www.google.com/maps/search/?api=1&query=7400+Fauntleroy+Way+SW%2C+Seattle%2C+WA+98136,20,false,solsticepark7400fauntleroywayswseattlewa98136
1394,Solstice Park Tennis Court 02,Tennis Court - Outdoor (Citywide),"Solstice Park 7400 Fauntleroy WAY SW Seattle, WA, 98136","2025-07-23  07:00:00-09:00:00
2025-07-23  12:00:00-13:00:00
2025-07-23  16:00:00-22:00:00",2025-07-22T23:56:20.657929-07:00,true,false,false,https://www.google.com/maps/search/?api=1&query=7400+Fauntleroy+Way+SW%2C+Seattle%2C+WA+98136,20,false,solsticepark7400fauntleroywayswseattlewa98136
1395,Solstice Park Tennis Court 03,Tennis Court - Outdoor (Citywide),"Solstice Park 7400 Fauntleroy WAY SW Seattle, WA, 98136",2025-07-23  07:00:00-22:00:00,2025-07-22T23:56:18.871791-07:00,true,false,false,https://www.google.com/maps/search/?api=1&query=7400+Fauntleroy+Way+SW%2C+Seattle%2C+WA+98136,20,false,solsticepark7400fauntleroywayswseattlewa98136
1396,Solstice Park Tennis Court 04,Tennis Court - Outdoor (Citywide),"Solstice Park 7400 Fauntleroy WAY SW Seattle, WA, 98136",2025-07-23  07:00:00-22:00:00,2025-07-22T23:56:16.774579-07:00,true,false,false,https://www.google.com/maps/search/?api=1&query=7400+Fauntleroy+Way+SW%2C+Seattle%2C+WA+98136,20,false,solsticepark7400fauntleroywayswseattlewa98136
1397,Solstice Park Tennis Court 05,Tennis Court - Outdoor (Citywide),"Solstice Park 7400 Fauntleroy WAY SW Seattle, WA, 98136",2025-07-23  07:00:00-22:00:00,2025-07-22T23:56:15.314098-07:00,true,false,false,https://www.google.com/maps/search/?api=1&query=7400+Fauntleroy+Way+SW%2C+Seattle%2C+WA+98136,20,false,solsticepark7400fauntleroywayswseattlewa98136
1398,Solstice Park Tennis Court 06,Tennis Court - Outdoor (Citywide),"Solstice Park 7400 Fauntleroy WAY SW Seattle, WA, 98136",2025-07-23  07:00:00-22:00:00,2025-07-22T23:56:13.129914-07:00,true,false,false,https://www.google.com/maps/search/?api=1&query=7400+Fauntleroy+Way+SW%2C+Seattle%2C+WA+98136,20,false,solsticepark7400fauntleroywayswseattlewa98136
1399,Soundview Playfield Tennis Court 01,Tennis Court - Outdoor (Citywide),"Soundview Playfield (Athletics) 1590 NW 90th ST Seattle, WA, 98117","2025-07-23  08:30:00-09:00:00
2025-07-23  11:00:00-16:00:00
2025-07-23  21:30:00-23:00:00",2025-07-22T23:55:56.027330-07:00,false,false,true,https://www.google.com/maps/search/?api=1&query=1590+NW+90th+St%2C+Seattle%2C+WA+98117,15,false,soundviewplayfieldathletics1590nw90thstseattlewa98117
1400,Soundview Playfield Tennis Court 02,Tennis Court - Outdoor (Citywide),"Soundview Playfield (Athletics) 1590 NW 90th ST Seattle, WA, 98117",2025-07-23  08:30:00-23:00:00,2025-07-22T23:55:53.875269-07:00,false,false,true,https://www.google.com/maps/search/?api=1&query=1590+NW+90th+St%2C+Seattle%2C+WA+98117,15,false,soundviewplayfieldathletics1590nw90thstseattlewa98117
1408,Wallingford Playfield Tennis Court 01,Tennis Court - Outdoor (Citywide),"Wallingford Playfield (Athletics) 4219 Wallingford AVE N Seattle, WA, 98103","2025-07-23  08:30:00-09:00:00
2025-07-23  11:00:00-17:00:00
2025-07-23  21:30:00-23:00:00",2025-07-22T23:55:44.287251-07:00,false,true,false,https://www.google.com/maps/search/?api=1&query=4219+Wallingford+Ave+N%2C+Seattle%2C+WA+98103,8,true,wallingfordplayfieldathletics4219wallingfordavenseattlewa98103
1409,Wallingford Playfield Tennis Court 02,Tennis Court - Outdoor (Citywide),"Wallingford Playfield (Athletics) 4219 Wallingford AVE N Seattle, WA, 98103",2025-07-23  08:30:00-23:00:00,2025-07-22T23:55:42.487486-07:00,false,true,false,https://www.google.com/maps/search/?api=1&query=4219+Wallingford+Ave+N%2C+Seattle%2C+WA+98103,8,true,wallingfordplayfieldathletics4219wallingfordavenseattlewa98103
1410,Walt Hundley Playfield Tennis Court 01,Tennis Court - Outdoor (Citywide),"Walt Hundley Playfield 6920 34th AVE SW Seattle, WA, 98126","2025-07-23  08:30:00-10:00:00
2025-07-23  12:00:00-17:45:00
2025-07-23  20:15:00-23:00:00",2025-07-22T23:55:40.594317-07:00,false,false,true,https://www.google.com/maps/search/?api=1&query=6920+34th+Ave+SW%2C+Seattle%2C+WA+98126,19,false,walthundleyplayfield692034thaveswseattlewa98126
1411,Walt Hundley Playfield Tennis Court 02,Tennis Court - Outdoor (Citywide),"Walt Hundley Playfield 6920 34th AVE SW Seattle, WA, 98126","2025-07-23  08:30:00-10:00:00
2025-07-23  12:00:00-17:45:00
2025-07-23  20:15:00-23:00:00",2025-07-22T23:55:22.768471-07:00,false,false,true,https://www.google.com/maps/search/?api=1&query=6920+34th+Ave+SW%2C+Seattle%2C+WA+98126,19,false,walthundleyplayfield692034thaveswseattlewa98126
2277,Jefferson Park Lid Tennis Court Lower 01,Tennis Court - Outdoor (Citywide),"Jefferson Park (previously Lid Playfield) 3901 Beacon AVE S Seattle, WA, 98108","2025-07-23  07:00:00-09:00:00
2025-07-23  12:00:00-17:45:00
2025-07-23  20:15:00-20:45:00",2025-07-22T23:59:06.031778-07:00,true,false,false,https://www.google.com/maps/search/?api=1&query=3901+Beacon+Ave+S%2C+Seattle%2C+WA+98108,16,false,jeffersonparkpreviouslylidplayfield3901beaconavesseattlewa98108
2278,Jefferson Park Lid Tennis Court Lower 02,Tennis Court - Outdoor (Citywide),"Jefferson Park (previously Lid Playfield) 3901 Beacon AVE S Seattle, WA, 98108","2025-07-23  07:00:00-09:00:00
2025-07-23  12:00:00-16:30:00
2025-07-23  20:15:00-20:45:00",2025-07-22T23:59:04.768500-07:00,true,false,false,https://www.google.com/maps/search/?api=1&query=3901+Beacon+Ave+S%2C+Seattle%2C+WA+98108,16,false,jeffersonparkpreviouslylidplayfield3901beaconavesseattlewa98108
2279,Madrona Playground Tennis Court 01,Tennis Court - Outdoor (Citywide),"Madrona Playground 3211 E Spring ST Seattle, WA, 98122",2025-07-23  06:00:00-22:00:00,2025-07-22T23:58:03.123049-07:00,true,false,false,https://www.google.com/maps/search/?api=1&query=3211+E+Spring+St%2C+Seattle%2C+WA+98122,23,false,madronaplayground3211espringstseattlewa98122
2280,Madrona Playground Tennis Court 02,Tennis Court - Outdoor (Citywide),"Madrona Playground 3211 E Spring ST Seattle, WA, 98122","2025-07-23  06:00:00-08:30:00
2025-07-23  10:00:00-18:00:00
2025-07-23  21:00:00-22:00:00",2025-07-22T23:58:00.887701-07:00,true,false,false,https://www.google.com/maps/search/?api=1&query=3211+E+Spring+St%2C+Seattle%2C+WA+98122,23,false,madronaplayground3211espringstseattlewa98122
2437,Seward Park Tennis Court 02,Tennis Court - Outdoor (Citywide),"Seward Park 5898 Lake Washington BLVD S Seattle, WA, 98118","2025-07-23  06:00:00-07:00:00
2025-07-23  08:00:00-17:30:00
2025-07-23  20:00:00-22:00:00",2025-07-22T23:55:06.665550-07:00,false,false,false,https://www.google.com/maps/search/?api=1&query=5898+Lake+Washington+Blvd+S%2C+Seattle%2C+WA+98118,26,false,sewardpark5898lakewashingtonblvdsseattlewa98118